,feature,importance
2,total_receipts_amount,0.6296845753689446
0,trip_duration_days,0.14977811775897582
1,miles_traveled,0.14536150913255935
7,long_trip_flag,0.028683523812547743
4,cost_per_day,0.019275323641278822
5,miles_per_day,0.013225842235749644
3,cost_per_mile,0.013215178974319994
8,high_daily_cost_flag,0.00042905124997448193
6,short_trip_flag,0.000346877825649357
